Metric,Value
CAGR,"                                          scheme_name  return_1yr_pct  \
0           SBI Bluechip Fund - Regular Plan - Growth           12.42   
1            SBI Bluechip Fund - Direct Plan - Growth           15.25   
2          SBI Small Cap Fund - Regular Plan - Growth           24.56   
3           SBI Small Cap Fund - Direct Plan - Growth           20.59   
4        SBI Magnum Gilt Fund - Regular Plan - Growth            5.34   
5           HDFC Top 100 Fund - Regular Plan - Growth           10.94   
6            HDFC Top 100 Fund - Direct Plan - Growth           11.48   
7   HDFC Mid-Cap Opportunities Fund - Regular - Gr...           15.43   
8   HDFC Mid-Cap Opportunities Fund - Direct - Growth           19.98   
9        HDFC Short Term Debt Fund - Regular - Growth            6.83   
10         ICICI Pru Bluechip Fund - Regular - Growth           15.63   
11          ICICI Pru Bluechip Fund - Direct - Growth           14.12   
12           ICICI Pru Midcap Fund - Regular - Growth           14.02   
13  ICICI Pru Value Discovery Fund - Regular - Growth           16.67   
14           ICICI Pru Liquid Fund - Regular - Growth            8.89   
15     Nippon India Large Cap Fund - Regular - Growth           15.84   
16      Nippon India Large Cap Fund - Direct - Growth           14.42   
17     Nippon India Small Cap Fund - Regular - Growth           21.30   
18                     Nippon India ETF Nifty 50 BeES           10.14   
19  Nippon India Gilt Securities Fund - Regular - ...            6.19   
20             Kotak Bluechip Fund - Regular - Growth           14.37   
21      Kotak Emerging Equity Fund - Regular - Growth           17.12   
22             Kotak Flexicap Fund - Regular - Growth           15.74   
23               Kotak Liquid Fund - Regular - Growth            4.26   
24              Axis Bluechip Fund - Regular - Growth           11.82   
25               Axis Bluechip Fund - Direct - Growth           13.95   
26                Axis Midcap Fund - Regular - Growth           14.88   
27             Axis Small Cap Fund - Regular - Growth           21.97   
28      ABSL Frontline Equity Fund - Regular - Growth           14.82   
29             ABSL Small Cap Fund - Regular - Growth           24.93   
30                ABSL Liquid Fund - Regular - Growth            6.18   
31         UTI Nifty 50 Index Fund - Regular - Growth           13.76   
32                UTI Mid Cap Fund - Regular - Growth           16.30   
33              UTI Flexi Cap Fund - Regular - Growth           17.43   
34      Mirae Asset Large Cap Fund - Regular - Growth           15.12   
35  Mirae Asset Emerging Bluechip Fund - Regular -...           14.91   
36      Mirae Asset Tax Saver Fund - Regular - Growth           11.16   
37         DSP Top 100 Equity Fund - Regular - Growth           11.96   
38                 DSP Midcap Fund - Regular - Growth           14.12   
39              DSP Small Cap Fund - Regular - Growth           20.20   

    return_3yr_pct  return_5yr_pct  
0            12.36           14.45  
1            11.30           14.23  
2            23.39           20.67  
3            23.14           21.82  
4             6.07            5.43  
5            14.84           11.32  
6            13.38           13.48  
7            16.58           17.69  
8            15.29           15.85  
9             7.37            6.41  
10           11.54           11.46  
11           14.41           13.02  
12           18.08           17.55  
13           14.76           12.60  
14            7.68            7.94  
15           14.00           14.70  
16           12.33           14.72  
17           20.15           21.88  
18           11.77           12.31  
19            5.31            8.71  
20           12.25           13.42  
21           18.23           17.75  
22           15.65           13.50  
23            6.18            8.26  
24           11.84           14.14  
25           12.14           13.66  
26           15.18           18.94  
27           20.98           22.62  
28           13.78           12.86  
29           22.38           23.80  
30            5.14            7.95  
31           12.10           11.31  
32           15.61           15.86  
33           15.34           15.78  
34           14.81           12.68  
35           14.56           15.68  
36           13.58           14.26  
37           12.82           12.35  
38           17.16           19.00  
39           20.08           20.61  "
Sharpe Ratio,"               mean       std    Sharpe
amfi_code                              
100016     0.000142  0.009164 -0.201517
100025     0.000170  0.002460 -0.567095
100033     0.001080  0.011929  1.093699
101206     0.000852  0.009177  1.027213
101207     0.000424  0.016251  0.162661
101208     0.000242  0.000319 -0.815567
102885     0.000674  0.008086  0.817099
102886     0.000110  0.011424 -0.205832
102887     0.000645  0.009927  0.619518
118632     0.000865  0.008913  1.081659
118633     0.000616  0.008817  0.645207
118634     0.000707  0.015901  0.448434
118635     0.000600  0.008179  0.664857
118636     0.000202  0.002511 -0.356630
119092     0.000275  0.008788  0.030785
119093     0.000330  0.008809  0.129614
119094     0.001027  0.012225  0.998231
119095     0.000182  0.015790 -0.075974
119120     0.000222  0.002499 -0.226575
119551     0.000917  0.008656  1.208267
119552     0.000785  0.008781  0.953279
119598     0.001201  0.015837  0.945308
119599     0.000201  0.015717 -0.057187
120503     0.000698  0.008746  0.797973
120504     0.000843  0.009048  1.026524
120505     0.001161  0.012152  1.180101
120506     0.000650  0.009594  0.648879
120507     0.000268  0.000311  0.495723
120841     0.000522  0.008481  0.494273
120842     0.000312  0.011273  0.076000
120843     0.001082  0.010008  1.306744
120844     0.000256  0.000323 -0.088747
125497     0.000710  0.009241  0.775790
125498     0.000477  0.011561  0.300612
148567     0.001074  0.008941  1.448291
148568     0.000825  0.009719  0.926287
148569     0.001124  0.011134  1.234930
149322     0.000522  0.009042  0.464037
149323     0.001055  0.011179  1.132122
149324     0.001194  0.015648  0.949796"
Sortino Ratio,"           mean_return  downside_std   Sortino
amfi_code                                     
100016        0.000142      0.005163 -0.357702
100025        0.000170      0.001382 -1.009643
100033        0.001080      0.006632  1.967316
101206        0.000852      0.004989  1.889576
101207        0.000424      0.009256  0.285576
101208        0.000242      0.000106 -2.446220
102885        0.000674      0.004427  1.492391
102886        0.000110      0.006645 -0.353856
102887        0.000645      0.005439  1.130710
118632        0.000865      0.004914  1.961986
118633        0.000616      0.004765  1.193965
118634        0.000707      0.009085  0.784831
118635        0.000600      0.004536  1.198899
118636        0.000202      0.001385 -0.646348
119092        0.000275      0.004988  0.054233
119093        0.000330      0.005014  0.227693
119094        0.001027      0.006698  1.821955
119095        0.000182      0.009091 -0.131968
119120        0.000222      0.001387 -0.408180
119551        0.000917      0.004662  2.243325
119552        0.000785      0.004853  1.724830
119598        0.001201      0.008659  1.728979
119599        0.000201      0.009165 -0.098070
120503        0.000698      0.004875  1.431650
120504        0.000843      0.004947  1.877411
120505        0.001161      0.006644  2.158384
120506        0.000650      0.005367  1.159973
120507        0.000268      0.000094  1.645795
120841        0.000522      0.004720  0.888090
120842        0.000312      0.006571  0.130385
120843        0.001082      0.005308  2.463887
120844        0.000256      0.000102 -0.280281
125497        0.000710      0.005111  1.402543
125498        0.000477      0.006604  0.526237
148567        0.001074      0.004962  2.609850
148568        0.000825      0.005321  1.692018
148569        0.001124      0.006035  2.278106
149322        0.000522      0.005157  0.813654
149323        0.001055      0.006291  2.011887
149324        0.001194      0.008663  1.715700"
Alpha_Beta,"    amfi_code     alpha      beta
0      100016  0.035008  0.004843
1      100025  0.043330 -0.003422
2      100033  0.268752  0.024097
3      101206  0.214656 -0.000067
4      101207  0.110250 -0.023588
5      101208  0.060852  0.000126
6      102885  0.170941 -0.007555
7      102886  0.031949 -0.030680
8      102887  0.161063  0.011217
9      118632  0.215785  0.016157
10     118633  0.157553 -0.016086
11     118634  0.175681  0.018012
12     118635  0.150653  0.004784
13     118636  0.051061 -0.001969
14     119092  0.067011  0.016383
15     119093  0.080918  0.015830
16     119094  0.262732 -0.028729
17     119095  0.048753 -0.020067
18     119120  0.056061 -0.000351
19     119551  0.234544 -0.025189
20     119552  0.200476 -0.018619
21     119598  0.303145 -0.003508
22     119599  0.049328  0.010073
23     120503  0.175542  0.001810
24     120504  0.216091 -0.026139
25     120505  0.295085 -0.017454
26     120506  0.160023  0.027299
27     120507  0.067513 -0.000461
28     120841  0.132708 -0.008324
29     120842  0.080482 -0.013501
30     120843  0.273211 -0.004370
31     120844  0.064605 -0.000438
32     125497  0.177622  0.008450
33     125498  0.117644  0.018125
34     148567  0.269107  0.010472
35     148568  0.208419 -0.003597
36     148569  0.280803  0.017641
37     149322  0.133075 -0.010532
38     149323  0.265733  0.001259
39     149324  0.295821  0.036667"
Maximum Drawdown,"amfi_code
100016   -0.247344
100025   -0.043083
100033   -0.162172
101206   -0.112916
101207   -0.354469
101208   -0.001622
102885   -0.108599
102886   -0.280011
102887   -0.215398
118632   -0.174141
118633   -0.186297
118634   -0.233449
118635   -0.116506
118636   -0.083164
119092   -0.144016
119093   -0.217514
119094   -0.209609
119095   -0.516778
119120   -0.043287
119551   -0.150124
119552   -0.118035
119598   -0.287060
119599   -0.525742
120503   -0.138979
120504   -0.125883
120505   -0.181885
120506   -0.198257
120507   -0.000977
120841   -0.175736
120842   -0.240035
120843   -0.129740
120844   -0.001163
125497   -0.152000
125498   -0.211173
148567   -0.112657
148568   -0.152726
148569   -0.163967
149322   -0.148446
149323   -0.172481
149324   -0.311719
Name: drawdown, dtype: float64"
